,," Q1.  Cum se semneaza documentatia de finantare?  "
,," Q2.  Putem semna mai intai contractul de ipoteca si apoi contractul de credit ?"
,," Q5.  Ce solutii avem sa semnam contractul de credit, daca administratorul societatii imprumutat nu se poate prezenta la banca?  "
,," Q7.  Cum procedam daca reprezentantul garantului nerezident nu se poate prezenta la banca?  "
,," Q8. Cate contracte de ipoteca imobiliara sunt necesare atunci cand acelasi imobil garanteaza mai multe credite ?"
,," Q9. Cate contracte de ipoteca imobiliara sunt necesare atunci cand acelasi credit este garantat cu mai multe imobile ?"
,," Q10.  La ce trebuie sa fiu atent, atunci cand semnez un contract de  ipoteca imobiliara?  "
,," Q11.  Ce fac in cazul in care am descoperit o eroare in contractul de ipoteca imobiliara?  "
,,"Q16. Asociatii care constituie ipoteca asupra partilor sociale trebuie sa semneze pe contractul de  credit ?"
,,"Q19*Intrebare care contine cuvinte similare, dar va necesita un raspuns diferit: Ce documente trebuie sa prezinte clientul cu ocazia majorarii creditului? Care sunt actele pe care le depune clientul la suplimentarea facilitatii?De ce documente am nevoie din partea imprumutatului, pentru a semna majorarea plafonului?Ce acte trebuie sa prezinte imprumutatul la suplimentarea liniei?Ce documente sa ii solicit clientului pentru a semna majorarea?Am o majorare de credit in curs de aprobare. Ce acte trebuie sa ii cer clientului?A19* In vederea majorarii creditului, este necesara prezentarea documentelor prevazute in normele interne ale bancii. Eu te pot ajuta cu informatii privind documentatia necesara analizarii imobilelor care vor fi constituite in garantie sau documentatia de reprezentare a societatii, in cazul creditelor acordate persoanelor juridice. De ce ai nevoie ?  Input user, pre-definit: Docunentatie imobil, Documentatie reprezentare Selectie: Documentatie imobilA19*1 Imobilele propuse spre a fi aduse in garantie vor fi analizate de catre departamentul juridic al bancii, in baza documentelor prevazute in Anexa 2 ( Opisul documentatiei privind imobilele propuse spre a fi luate in garantie de  catre banca ) la Procedura privind desfasurarea activitatii juridice in cadrul procesului de creditare , pe care ogasesti accesand link-ul urmator:http://intranet/ri/Reglementari%20interne/Procedura%20activ%20juridice%20si%20admin%20a%20riscului%20juridic%20in%20creditare.docx Selectie: Documentatie reprezentare  A19*2 Gasesti lista documentelor necesare analizarii reprezentarii societatilor in Anexa 3 ( Opisul documentatiei privind calitatea si capacitatea de contractare/ garantare a clientilor persoane juridice ) la Procedura privind desfasurarea activitatii juridice in cadrul procesului de creditare , pe care o poti vizualiza accesand link-ul urmator:http://intranet/ri/Reglementari%20interne/Procedura%20activ%20juridice%20si%20admin%20a%20riscului%20juridic%20in%20creditare.docx     Q20. Ce se intampla cu garantiile creditului, cu ocazia majorarii acestuia ?"
,," Q23. Scrisorile de confort se modifica atunci cand se majoreaza creditul?"
,," Q26.  Am o prelungire de credit si garantii nu vor sa semneze actul aditional la contractul de credit ? Ce fac?  "
,," Q27. Ce documente trebuie incheiate cand se inlocuiesc garantiile?"
,," Q29.  Unde pot gasi conditiile generale de creditare ?"
,," Q30.  Unde gasesc drafturile de contracte de credit ?"
,," Q33.  De unde fac rost de un draft de scrisoare corporativa?  "
,," Q34.  Ma poti ajuta cu un model de scrisoare de confort?  "
,," Q1.  De ce este necesara inscrierea garantiilor in registrele de publicitate? Variatii ale intrebarii: De ce se inscriu garantiile in AEGRM ? Care este scopul inscrierii ipotecii la Cartea Funciara ? Este obligatorie inscrierea garantiilor in RNPM ?Ce inseamna inscrierea in scop de publicitate?De ce trebuie inregistrate ipotecile in Registrul National de Publicitate Mobiliara? Raspuns chatbot: A1 .   Constituirea unei garantii reale (ipoteci) asupra unui bun ii permite bancii ca, in caz de neexecutare aobligatiilor din contractul de credit, sa urmareasca bunul respectiv si sa-si recupereze creanta prin valorificareaacelui bun.In situatiile in care exista mai multi creditori garantati cu ipoteci asupra aceluiasi bun, rangul de preferinta intrecreditori este dat de momentul inscrierii in registrele de publicitate (i.e. Cartea Funciara - in cazul ipotecilorimobiliare, Registrul National de Publicitate Mobiliara - in cazul ipotecilor mobiliare).Ca urmare, pentru a asigura prioritatea bancii, este necesara inscrierea garantiilor in registrele de publicitaterelevante si verificarea acestor registre astfel incat sa nu existe alte inregistrari anterioare inregistrarii in favoareaBT.In cazul inscrierii in Cartea Funciara vorbim, in anumite situatii, si despre efectul constitutiv al inscrierii. Vrei sa aflimai multe despre efectul constitutiv al inscrierii in CF?Input user, pre-definit:  DA, NUSelectie user: DA A1.1 Efectul constitutiv se refera la faptul ca drepturile asupra imobilelor se constituie sau se transmit numaiprin inscrierea in CF, ceea ce inseamna ca: -                    pentru transmiterea dreptului de proprietate sau constituirea dreptului de ipoteca imobiliara nu estesuficienta incheierea contractului in forma autentica, ci este necesara si inscrierea contractului in CarteaFunciara; -                    inscrierea in Cartea Funciara nu   mai are doar efect de publicitate si opozabilitate, ci si efect deconstituire a dreptului asupra imobilului.Acest efect opereaza in cazul localitatilor in care au fost definitivate lucrarile de inregistrare sistematica incadastrul general. Lista acestor localitati poate fi consultata pe pagina Agentiei Nationale de Cadastru siPublicitate Imobiliara. Selectie user: NU               A1.1 In regula. Atunci, poate imi dai un feedback cu privire la interactiunea avuta .            /  Te astept oricand mai ai intrebari pentru mine!  Q2.  Ce alte registre de publicitate mai sunt, in afara de RNPM si CF?  "
,," Q3.  Fideiusiunea se inscrie in registrul de publicitate mobiliara?  "
,," Q5.  Unde se inscrie ipoteca asupra partilor sociale?  "
,," Q6.  Unde se inscrie garantia asupra navelor?  "
,," Q7.  Cine efectueaza formalitatile de inregistrare a garantiilor?  "
,,"Q8.  Cat timp este valabila inscrierea in RNPM? "
,," Q9.  Cum se verifica inregistrarea garantiilor?  "
,," Q10.  Cum verific inscrierea ipotecii in cartea funciara?  "
,," Q11.  Cum procedez daca ipoteca a fost intabulata gresit?     Variatii ale intrebarii:  Extrasul de carte funciara contine o eroare cu privire la valoarea ipotecii. Ce putem face? Ipoteca s-a inscris doar pe teren, nu si pe constructie. Este corect asa? Cum poate fi corectata intabularea ipotecii ? Incheierea de intabulare este eronata . Cum putem remedia? Se poate rectifica inscrierea ipotecii ? Cum putem remedia erorile la inscrierea ipotecii in CF? Raspuns chatbot: A11 .   In cazul in care ai identificat o eroare sau ori de cate ori ai o nelamurire cu privire la intabularea ipoteciiconstituite in favoarea bancii, te rog sa te adresezi colegilor juristi care te pot ajuta si consilia cu privire lamodalitatea cea mai potrivita de remediere.   Q12.  Cum putem corecta inscrierea ipotecii in registrul de publicitate mobiliara?     Variatii ale intrebarii: Pe contractul de ipoteca asupra creantelor se regaseste o eroare, preluata si la inregistrarea garantiei.Ce putem face? Cum putem corecta inregistrarea in RNPM? Cum pot fi remediate erorile la inscrierea in arhiva electronica ? S-a strecurat o eroare in avizul initial. Cum o putem corecta ? Am identificat o greseala in inscrierea AEGRM . Cum procedam?La revizuirea unor conditii, am constatat ca inregistrarea in Arhiva Electronica de Garantii Mobiliare contine o eroare. Se poate remedia ?  Raspuns chatbot: A12 .  De regula, erorile din cuprinsul inregistrarilor in Registrul National de Publicitate Mobiliara (denumit anteriorArhiva Electronica de Garantii Reale Mobiliare) pot fi remediate printr-un aviz modificator, mentinandu-se astfelrangul dobandit prin inregistrarea avizului de ipoteca initial.   I.3     radierea garantiilor   Q13.  Cine se ocupa de radierea garantiilor?  "
,," Q14.  Am nevoie de un draft de declaratie de radiere a ipotecii. Ma poti ajuta?  "
,," Q1. Ce este procura?  "
,,"Q11. Ce diferente sunt intre procura generala si procura speciala?"
,,"Q12. Cat costa o procura?"
,,"Q13. Mandatul este transmisibil?"
,,"Q14. Acceptam procuri emise in afara tarii?"
,," Q17. Ce inseamna persoana juridica ?"
,," Q19. Ce inseamna personalitatea juridica ?"
,," Q20. Care sunt datele de identificare a unei societati ?"
,," Q21. Ce este patrimoniul societatii ?"
,," Q22. Care sunt formele juridice ale societatilor comerciale ?"
,," Q23. Cum se clasifica persoanele juridice ?"
,," Q24. Ce tipuri de entitati pot fi finantate de banca ?"
,," Q25. Ce acte sunt necesare pentru analizarea reprezentarii unei societati ?"
,,"Q26. Cum se formeaza vointa societatii?"
,,"Q27. Care sunt organele societatii?"
,,"Q28. Ce inseamna Adunarea Generala?"
,," Q29. Cine poate convoca Adunarea Generala?"
,," Q30. Ce este convocatorul?"
,,"Q31. Cum se realizeaza convocarea?"
,,"Q32. De ce este importanta convocarea?"
,,"Q33. Cand e nevoie sa solicitam clientului dovada convocarii?"
,,"Q34. Cum se realizeaza publicitatea hotararilor AGA?"
,,"Q35. Care sunt termenele de convocare a adunarii generale?"
,,"Q36. Este valabila hotararea adoptata doar de o parte dintre asociati?"
,,"Q37. Cand se poate renunta la convocare?"
,," Q38. Din ce motive poate fi anulata o hotarare AGA?"
,," Q40. De ce este importanta identificarea persoanelor care detin calitatea de reprezentant legal al unei companii ?"
,,"Q41. Ce inseamna dreptul de reprezentare?"
,,"Q42. Care sunt izvoarele dreptului de reprezentare?"
,,"Q43. Cine poate avea calitatea de reprezentant legal al unei societati?"
,," Q44. In ce limite pot administratorii contracta credite fara hotarare AGA ?"
,," Q48. Hotararea AGA adoptata in lipsa convocarii este valabila ?"
,," Q50. Este valabila o hotarare AGA care incalca principiul majoritatii ?"
,," Q51. Cand se solicita AGA in materie de creditare ?"
,," Q57. Prin hotararea AGA poate fi imputernicita o alta persoana in afara de administrator, in relatia cu banca?"
,," Q58. Putem sa-i impunem clientului o anumita hotarare AGA ?"
,," Q59. Hotararile AGA  au un termen de valabilitate ?"
,," Q60. Ce trebuie sa mai solicit in legatura cu hotararea AGA a unei societati pe actiuni ?"
,," Q3.  Cum trebuie descrise bunurile care se iau in garantie?  "
,,"Q4.  Cum sunt tratate diferentele intre continutul contractului de garantie si inregistrarea din arhiva? "
,," Q5.  Este suficienta declaratia clientului ca bunul a fost eliberat din garantia creditorului precedent? "
,," Q7.  Cum trebuie descrise universalitatile?  "
,," Q8.  Ce fel de creante pot fi acceptate in garantie?  "
,," Q9. Ce sunt creantele?  "
,," Q12.  Cum poate fi constituita ipoteca asupra creantelor dintr-un contract comercial , daca este deja   inscrisa o ipoteca asupra tuturor creantelor prezente si viitoare ale imprumutatului ?  "
,," Q13.  Se poate renunta la notificarea debitorului cedat?  "
,,"Q17.  Ce inseamna controlul contului?"
,,"Q19.  Cum se  inregistreaza ipoteca pe cash collateral?"
,,"Q20.  Stocurile de marfa pot fi acceptate in garantie?"
,," Q22.  Cum trebuie identificate stocurile care se aduc in garantie?"
,,"Q24.  Este posibila ipotecarea partilor sociale?"
,,"Q25.  Ce actiuni nu pot fi ipotecate?"
,,"Q27.  Ce este registrul asociatilor?"
,," Q28.  Cum se inregistreaza ipoteca in registrul asociatilor?"
,,"Q29.  Ce documente sunt necesare pentru ipotecarea actiunilor?"
,,"Q30.  Este posibila ipotecarea unui bun viitor?"
,,"Q31.   Este necesara incheierea unui act aditional la contractul de garantie dupa dobandirea bunuluiviitor?"
,," Q32.  Ce acte sunt necesare pentru ipotecarea unui autovehicul?"
,," Q33.  Ce documente sunt necesare pentru ipotecarea unui avion?"
,," Q34.  Ce documente trebuie prezentate pentru ipotecarea unei nave?"
,," Q35.  Ce documente sunt necesare pentru ipotecarea licentelor de farmacie?"
,,"Q36.  Drepturile din asigurare pot fi ipotecate?"
,,"Q37.  Cand este necesara cesiunea politei de asigurare?"
,," Q38.  Ce este cesiunea de contract?"
,,"Q39.  Ce este cesiunea de creanta?"
,,"Q40.  Care este diferenta dintre cesiunea de creanta si ipoteca pe creante?"
,," Q1.  Ce este fideiusiunea?  "
,," Q2. Ce calitati trebuie sa intruneasca o persoana pentru a fi fideiusor?"
,," Q3.  Fideiusiunea se transmite mostenitorilor?  "
,," Q4.  Se accepta fideiusiune din partea unui singur sot?  "
,," Q5.  Persoanele juridice pot constitui fideiusiuni?  "
,," Q6.  Cat timp dupa data scadentei creditului subzista raspunderea fideiusorului?  "
,," Q7.  Care este diferenta dintre codebitor si fideiusor?  "
,," Q9.  Ce inseamna beneficiul de discutiune?  "
,," Q10.  Ce inseamna beneficiul de diviziune?  "
,," Q11.  Ce inseamna beneficiile de diviziune si de discutiune?  "
,," Q14.  Ce este biletul la ordin?  "
,," Q17.  Care sunt elementele obligatorii ale biletelor la ordin?  "
,," Q18.  Biletele la ordin pot constitui garantie la credit ?"
,," Q20.  Cat timp este valabil un bilet la ordin in alb ?"
,," Q22.  Cum arata  un bilet la ordin ?"
,," Q25.  Care este consecinta pierderii biletului la ordin in raport cu avalistul?"
,," Q26.  Care este intinderea obligatiilor asumate de persoanele semnatare pe biletul la ordin?"
,," Q27.  Ce calitati trebuie sa intruneasca o persoana pentru a fi avalist ?"
,," Q28.  Poate fi acordat avalul pe un bilet la ordin in alb ?"
,," Q29.  In cazul avalizarii este necesara efectuarea formalitatilor de publicitate ?"
,," Q30.  Ce inseamna girul biletului la ordin ?"
,," Q31.  Este posibil girul partial ?"
,," Q32.  Care este utilitatea girului ?"
,," Q33.  Care sunt mentiunile necesare pentru atestarea transferarii biletului la ordin prin gir ?"
,," Q1.  Cum defineste legea bunul?  "
,," Q2.  Cum se clasifica bunurile?  "
,," Q3.  Ce inseamna bun fungibil?  "
,," Q4.  Ce inseamna proprietatea publica?  "
,," Q5.  Bunurile proprietate publica pot fi aduse in garantie?  "
,," Q6.  Ce inseamna proprietatea privata?  "
,," Q9.  Ce  categorii de bunuri exista in functie de numarul de proprietari?  "
,," Q11.  Ce este casatoria?  "
,," Q12.  Ce este familia?  "
,," Q13.  Se pot casatori persoanele de acelasi sex?  "
,," Q14.  Ce inseamna bun comun?  "
,," Q15.  Ce inseamna bun propriu?  "
,," Q16.  Dupa casatorie, bunurile proprii devin comune?  "
,," Q17.  Toate bunurile dobandite in timpul casatoriei sunt bunuri comune?  "
,," Q19.   Clientul meu este casatorit , dar are in proprietate un teren bun propriu pe care a edificat o  constructie; sotia trebuie sa semneze contractul de ipoteca ?  "
,," Q20.  Ce este regimul matrimonial?  "
,," Q21.  Ce este regimul matrimonial al comunitatii legale de bunuri?  "
,," Q22.  Ce este regimul matrimonial al separatiei de bunuri?  "
,," Q23.  Ce este regimul matrimonial al comunitatii conventionale de bunuri?  "
,," Q26.  Cum inceteaza regimul matrimonial?  "
,," Q27.   Cine semneaza contractul de ipoteca , daca imobilul este bun propriu al unuia dintre soti, dobandit anterior casatoriei?  "
,," Q1.  Ce inseamna raportul obligational intre doua parti ?"
,,"Q2. Cum se clasifica obligatiile?"
,," Q3. Ce inseamna obligatia de a face?"
,,"Q4. Toate obligatiile se nasc din contracte?"
,," Q5. Ce inseamna imbogatirea fara justa cauza?"
,," Q6. Ce inseamna raspunderea delictuala?"
,,"Q7. Ce este contractul?"
,,"Q8. Ce este ordinea publica?"
,,"Q9. Care sunt conditiile esentiale pentru incheierea contractului?"
,,"Q10. Ce inseamna capacitatea de a contracta?"
,,"Q11. La ce se refera faptul ca un contract trebuie sa aiba obiect determinat si licit?"
,,"Q12. Ce inseamna cauza contractului?"
,,"Q13. Ce se intelege prin forma contractului?"
,,"Q14. Ce se intelege prin consimtamantul partilor?"
,,"Q15. Ce este buna credinta?"
,,"Q16. Ce inseamna oferta cu termen?"
,,"Q17. Ce se intelege prin principiul fortei obligatorii a contractului?"
,," Q18 . Care sunt implicatiile aparitiei unei situatii de forta majora?"
,," Q19. Ce inseamna certificarea cazului de forta majora?"
,,"Q20. Care sunt implicatiile aparitiei evenimentului fortuit?"
,," Q21 . Ce inseamna impreviziunea?"
,," Q22. Cum se interpreteaza contractele?"
,,"Q23. Contractele de credit sunt contracte de adeziune?"
,,"Q24. Ce este nulitatea?"
,,"Q25. De cate feluri este nulitatea?"
,,"Q26. Ce este nulitatea absoluta?"
,,"Q27. Ce este nulitatea relativa?"
,,"Q28. Care sunt efectele nulitatii?"
,,"Q29.  Ce este novatia?"
,,"Q30.  Ce este subrogatia?"
,,"Q31.  Ce este preluarea datoriei?"
,,"Q32.  Ce inseamna ocrotirea persoanelor fizice?"
,,"Q33.  Care sunt persoanele fizice ocrotite de lege?"
,," Q34. Care sunt masurile de ocrotire a persoanelor fizice?"
,,"Q35.  Cum se realizeaza ocrotirea minorilor?"
,,"Q36.  Cum se realizeaza ocrotirea persoanelor majore?"
,,"Q37.  Ce este tutela?"
,,"Q38.  Cum este instituita tutela?"
,," Q39.  Cum functioneaza institutia tutelei?"
,,"Q40.  Ce este autorizarea instantei de tutela?"
,,"Q41.  Pot fi incheiate acte intre tutore si minor?"
,," Q42.  Ce este interdictia judecatoreasca?"
,," Q43.  Care sunt persoanele care pot fi puse sub interdictie?"
,," Q44.  Cat timp este valabila masura interdictiei judecatoresti?"
,," Q45.  Care este regimul actelor incheiate de persoana pusa sub interdictie?"
,," Q46.  Ce este curatela speciala?"
,," Q47.  Ce este curatela?"
,," Q1.  Ce trebuie sa stim despre documentele emise in alte state?  "
,," Q3.  Ce inseamna supralegalizarea?  "
,," Q4.  Cum arata apostila?  "
,," Q8.  Documentele emise in alte state se apostileaza si apoi se traduc?  "
,," Q9.  Unde gasesc lista statelor pentru care este necesara apostila?  "
,,"Q10.   Pentru documentele emise in [Andorra/ Antigua si Barbuda/ Argentina/ Armenia/ Australia/Azerbaidjan/ Bahamas/ Regatul Bahrain/ Barbados/ Belarus/ Belgia/ Belize/ Bolivia/ Botswana/Brazilia/Brunei/ Burundi/ Republica Capului Verde/ Chile/ Columbia/ Insulele Cook/ Costa Rica/ Cipru/ Danemarca/Republica Dominicana/ Ecuador/ El-Salvador/ Estonia/ Insulele Fiji/ Finlanda/ Georgia/ Germania/ Grecia/Republica Elena/ Grenada/ Guatemala/ Honduras/ Islanda/ India/ Irlanda/ Israel/ Italia/ Japonia/ Kazahstan/Coreea / Kirghiztan/ Letonia/ Regatul Lesotho/ Liberia/ Liechtenstein/ Lituania/ Luxemburg/ Malawi/ Malta/Insulele Marshall/ Mauritius/ Mexic/ Statele Unite Mexicane/ Principatul Monaco/ Regatul Moroc/ Maroc/Namibia/ Olanda/ Regatul Tarilor de Jos/ Noua Zeelanda/ Nicaragua/ Insula Niue/ Norvegia/ SultanatulOman/ Panama/ Paraguay/ Peru/ Portugalia/ Federatia Sfantul Kitts si Nevis/ Sfanta Lucia/ Sfantul Vicentiusi Grenadinele/ Samoa/ San Marino/ Republica Democrata Sao Tome si Principe/ Seychelles/ Africa de Sud/Spania/ Surinam/ Regatul Swaziland/ Suedia/ Elvetia/ Tadjikistan/ Regatul Tonga/ Trinidad-Tobago/ Tunisia/Turcia/ Regatul Unit al Marii Britanii si Irlandei de Nord/ Anglia/ Statele Unite ale Americii/ SUA/ Uruguay/    Uzbekistan/ Vanuatu/ Venezuela]**   este necesara apostila ?  "
,,"Q11.   Pentru documentele emise in [Albania/ Austria/ Bosnia si Herzegovina/ Bulgaria/ Cehia/ Croatia/Federatia Rusa/ Rusia/ Fosta Republica Iugoslavia a Macedoniei/ Franta/ Mongolia/ Muntenegru/ Polonia/Republica Populara Chineza – regiunea Hong Kong/ Republica Populara Chineza – regiunea Macao/ China –regiunea Hong Kong/ China - regiunea Macao/ Hong Kong/ Macao/ Republica Moldova/ Serbia/ Slovacia/   Slovenia/ Ucraina/ Ungaria]** este necesara apostila ?  "
,,"Q12.   Pentru documentele emise in [Afganistan/ Africa Centrala/ Algeria/ Arabia Saudita/ Bangladesh/Benin/ Camerun/ Canada/ Republica Populara Chineza/ China/ Egipt/ Emiratele Arabe Unite/ Etiopia/Guineea/ Indonezia/ Iordania/ Iran/ Irak/ Jamaica/ Kenya/ Kosovo/ Kuweit/ Liban/ Libia/ Malaezia/ Nepal/Nigeria/ Pakistan/ Palestina/ Senegal/ Sfantul Scaun/ Siria/ Sri Lanka/ Sudan/ Thailanda/ Tukmenistan/    Vietnam/ Yemen]***   este necesara apostila ?  "
,," Q1.  Ce este scrisoarea de confort?  "
,," Q4.  Ce continut trebuie sa aiba o scrisoare de confort?  "
,," Q5.  Ce forta juridica are o scrisoare de confort?  "
,," Q6.  Emitentul scrisorii de confort are drept de regres impotriva debitorului pentru plata daunelor interese catre creditor?  "
,," Q7.  Care este legea aplicabila scrisorilor de confort?  "
,," Q8.  Ce trebuie sa cuprinda o scrisoare de confort acceptabila pentru banca?  "
,," Q9.  Pe ce perioada este valabila o scrisoare de confort?  "
,," Q10.  Scrisoarea de confort poate fi retrasa?  "
,," Q11.  Scrisorile de confort trebuie sa includa suma garantata?  "
,," Q12.  Scrisorile de confort trebuie incheiate sub forma unui contract cu banca?  "
,," Q13.  Care sunt partile scrisorii de confort?  "
,," Q14.  Am nevoie de opinie externa pentru scrisoarea de confort?  "
,," Q15.  Ce este scrisoarea de garantie corporativa?  "
,," Q16.  Plata in temeiul scrisorii de garantie corporativa ii ofera emitentului drept de regres?  "
,," Q17.  Care este forta juridica a unei corporate guarantee?  "
,,"Q19.   Pot exista exceptii de la necesitatea prezentarii opiniei externe pentru scrisorile de garantie corporativa?  "
,," Q21.  Cum se face plata in baza scrisorii de garantie corporativa?  "
,," Q24.  Ce este o scrisoare de garantie bancara?  "
,," Q25.  Cum sunt denumite partile scrisorilor de garantie bancara?  "
,," Q27.  Ce categorii de SGB exista?  "
,," Q28.  Ce caracteristici are scrisoarea de garantie bancara?  "
,," Q29.  Ce inseamna caracterul autonom al scrisorilor de garantie bancara?  "
,," Q30.  Ce inseamna ca o scrisoare de garantie bancara este transferabila?  "
,," Q3.  Cum trebuie descrise imobilele care se iau in garantie?"
,," Q4. De ce este necesara verificarea actelor de proprietate din istoric?"
,," Q5. Ce este contractul de vanzare-cumparare?"
,," Q6. Care sunt caracterele juridice principale ale contractului de vanzare?"
,," Q7. Ce se analizeaza, de regula, la un contract de vanzare - cumparare?"
,," Q8. De ce este importanta achitarea pretului contractului de vanzare - cumparare?"
,,"Q10. Avem un contract de vanzare, dar pretul nu a fost platit; poate fi luat in calcul la acordarea unui credit?"
,," Q11. Ce inseamna un pret derizoriu?"
,," Q12. Ce riscuri exista daca vanzatorul intr-un contract este o societate?"
,," Q13. Ce documente sunt necesare la incheierea unui contract de vanzare?"
,," Q14. Putem avea un contract de vanzare a unui imobil incheiat sub semnatura privata?"
,," Q15. Putem accepta un contract de vanzare a unui imobil incheiat cu rezerva dreptului de proprietate?"
,," Q16. Cine poate incheia un contract de vanzare?"
,," Q18. Se poate incheia un contract de vanzare intre rude?"
,," Q19. Banca accepta in garantie imobilele vandute cu rezerva dreptului de uzufruct?"
,," Q21. Cine poate dona?"
,," Q22. Care este forma contractului de donatie?"
,," Q23. Se poate revoca donatia?"
,,"Q25. In cazul unui contract de donatie, cum facem dovada ca donatorii sunt in viata la data constituirii  ipotecii ?"
,," Q26. Avem un contract de donatie , dar nu putem afla informatii cu privire la donatori; poate fi luat in calcul la acordarea unui credit?"
,," Q27. Ce trebuie sa stiu cu privire la donatia intre soti?"
,," Q28. Ce este raportul donatiilor?"
,,"Q29. Care sunt situatiile in care un imobil dobandit printr-un contract de donatie nu poate fi acceptat in garantie?"
,,"Q30. Avem un contract de donatie, iar donatorul este in viata; poate fi luat in calcul la acordarea unui credit?"
,,"Q31. Avem un contract de donatie, iar donatorul a decedat; poate fi luat in calcul la acordarea unui credit?"
,," Q33. Ce este contractul de intretinere?"
,," Q34. Ce elemente trebuie verificate in legatura cu un contract de intretinere?"
,," Q35. Avem un imobil dobandit prin contract de intretinere iar intretinutul este in viata; putem accepta in garantie?"
,," Q36. Avem un imobil dobandit prin contract de intretinere iar intretinutul a decedat; putem accepta in garantie?"
,," Q39.  Care este titlul de proprietate asupra constructiei?"
,," Q40.  Ce este autorizatia de construire?"
,," Q41.  Ce este procesul verbal de receptie la terminarea lucrarilor?"
,," Q42. Care sunt documentele necesare analizarii titlului de proprietate asupra unei constructii?"
,,"Q43. Se poate intabula dreptul de proprietate asupra unei constructii in lipsa autorizatiei deconstruire si a procesului verbal de receptie la terminarea lucrarilor?"
,,"Q44. Cine este beneficiarul autorizatiei de construire?"
,," Q46. Pot avea un proces verbal de receptie partiala ?"
,,"Q48. Care sunt partile locatiunii?"
,," Q49.  Care este durata maxima a locatiunii?  "
,," Q50.  Contractul de locatiune le este opozabil dobanditorilor ulteriori ai imobilului?  "
,,"Q51. Imobilele inchiriate pot fi aduse in garantie?"
,," Q53.  Care este diferenta dintre comodat si locatiune?  "
,,"Q54. Ce este arendarea?"
,,"Q55. Care sunt cazurile de incetare a inchirierii?"
,,"Q56. Care sunt cazurile de incetare a inchirierilor de locuinte?"
,,"Q57. Care sunt cazurile de incetare a contractelor de arenda?"
,,"Q58. Ce drepturi speciale are chiriasul in baza legii?"
,,"Q59. Ce este superficia?"
,,"Q60. Cum inceteaza superficia?"
,," Q61. Se poate constitui ipoteca asupra dreptului de superficie?"
,,"Q62. Se poate constitui ipoteca asupra dreptului de superficie si asupra unei constructii, dacaproprietarul terenului este o societate comerciala?"
,," Q63. Se poate constitui , de catre proprietarul terenului ipotecat la BT, un drept de superficie infavoarea unei societati, pentru edificarea unei constructii?"
,,"Q64. Ce este concesiunea?"
,,"Q65. Care sunt drepturile si obligatiile concesionarului?"
,," Q66. Pot fi acceptate in garantie constructiile edificate pe terenuri concesionate?"
,,"Q67. Ce sunt bunurile de retur?"
,,"Q68. Ce sunt bunurile de preluare?"
,,"Q69. Ce trebuie sa contina acordul concedentului?"
,,"Q70. Este posibila ipotecarea unei constructii viitoare?"
,,"Q71. Cum se constituie ipoteca asupra unei constructii viitoare?"
,," Q72. Ce trebuie facut dupa definitivarea constructiei ipotecata ca si constructie viitoare ?"
,," Q73. Care este diferenta intre intabularea si inscrierea provizorie a ipotecii pe constructie viitoare ?"
,," Q76. In cazul unui credit pentru construire, trebuie sa inseram clauze speciale in contractul de credit?"
,," Q77. Ce sunt monumentele istorice?"
,," Q79. Monumentele istorice se pot afla in proprietate privata?"
,,"Q81. Cum se transfera proprietatea asupra imobilului in cadrul operatiunilor de fuziune sau divizare a societatilor?"
,," Q82. Ce este fuziunea?"
,," Q83. Ce este divizarea?"
,,"Q84. Ce trebuie avut in vedere la finantarea achizitiei unui imobil in cadrul procedurii de executare silita?"
,,"Q85. Ce trebuie avut in vedere la finantarea achizitiei unui imobil in cadrul procedurii de insolventa?"
,," Q86. Pot fi luate in garantie imobilele grevate de sechestru ANAF?"
,,"Q88. Ce este extrasul de carte funciara?"
,,"Q89. De ce am nevoie de extras de carte funciara?"
,,"Q90. Cate feluri de extrase de carte funciara exista?"
,,"Q91. De ce este necesara prezentarea extrasului de carte funciara la prelungirea creditului?"
,,"Q92. Ce data trebuie sa aiba extrasul de carte funciara?"
,,"Q93. Cine poate obtine extrasul de carte funciara?"
,,"Q94. Am un extras de carte funciara fara sarcini. Pot lua in garantie imobilul?"
,,"Q95. Am un extras de carte funciara cu sarcini. Pot lua in garantie imobilul?"
,,"Q96. Ce este incheierea de carte funciara?"
,," Q97. Ce este documentatia cadastrala?"
,," Q98. Ce este planul de amplasament si delimitare a imobilului?"
,," Q99. Ce este releveul?"
,," Q100. De ce este necesara verificarea documentatiei cadastrale?"
,," Q101. Ce este certificatul de atestare fiscala?"
,,"Q103. Certificatul fiscal este obligatoriu la semnarea ipotecii?"
,,"Q104. Care este valabilitatea certificatului fiscal emis de organul fiscal local?"
,,"Q5.  Putem elibera un acord pentru emiterea certificatului de urbanism in scopul obtinerii autorizatiei  de construire ?  "
,,"Q6.  Ce documente trebuie sa prezinte clientul pentru eliberarea acordului de intabulare a constructiei ?  "
,,"Q8.   De ce este necesara incheierea de acte aditionale ulterior intabularii constructiei edificate pe  terenul ipotecat ?  "
,,"Q9.   Ce documente trebuie sa prezinte clientul pentru eliberarea acordului de dezmembrare a  imobilului ?  "
,,"Q16.   Ce documente trebuie sa prezinte clientul pentru eliberarea acordului de apartamentare a  imobilului ?  "
,," Q18.  Ce documente trebuie sa prezinte clientul pentru eliberarea acordului de inchiriere a imobilului ? "
,,"Q21.  Ce documente trebuie sa prezinte clientul pentru eliberarea acordului de instrainare a imobilului ?  "
,,"Q23.   Ce documente trebuie sa prezinte clientul pentru eliberarea acordului de actualizare a  documentatiei cadastrale a imobilului ?  "
,,"Q24.  In ce conditii poate fi eliberat acordul de actualizare a documentatiei cadastrale a imobilului ip  otecat in favoarea BT ?  "
,,"Q25.  Ce documente trebuie sa prezinte clientul pentru eliberarea acordului de racordare la utilitati a  imobilului ipotecat ?  "
,,"Q26.  In ce conditii poate fi eliberat acordul de racordare la utilitati a imobilului ipotecat in favoarea  BT ?  "
,," Q1.  De ce este importanta existenta interesului economic in operatiunile dintre societati?  "
,," Q2.  Ce este interesul economic?  "
,," Q3.  Cum se poate justifica interesul economic?  "
,," Q4.  Ce efecte produce lipsa interesul economic?  "
,," Q5.  Ce efecte juridice produce calitatea de codebitor sau garant?  "
,,"Q6.  Ce anume se are in vedere in opinia juridica privind constituirea de garantii de catre o societate i  n favoarea alteia ?  "
,," Q7.  Ce documente sunt necesare pentru opinia juridica privind garantarea intre societati?  "
,," Q8.  Care sunt restrictiile legale in ce priveste constituirea de garantii de catre o societate?  "
,," Q9.  In ce masura poate o societate sa garanteze creditul alteia?  "
,," Q10.  Care sunt consecintele incalcarii interdictiilor din Legea societatilor?  "
